Number,System_type,Point group,Short_name,Full_name,Schoenflies,Fedorov,Shubnikov,Fibrifold
1,triclinic,1,P1,P 1,$C_1^1$,1s,$(a/b/c)\cdot 1$,-
2,triclinic,1,P1,P 1,$C_i^1$,2s,$(a/b/c)\cdot \tilde 2 $,-
3,monoclinic,2,P2,P 1 2 1,$C_2^1$,3s,$(b:(c/a)):2$,-
4,monoclinic,2,P21,P 1 21 1,$C_2^2$,1a,$(b:(c/a)):2_1$,-
5,monoclinic,2,C2,C 1 2 1,$C_2^3$,4s,$\left ( \frac{a+b}{2}/b:(c/a)\right ) :2$,-
6,monoclinic,m,Pm,P 1 m 1,$C_s^1$,5s,$(b:(c/a))\cdot m$,-
7,monoclinic,m,Pc,P 1 c 1,$C_s^2$,1h,$(b:(c/a))\cdot \tilde c$,-
8,monoclinic,m,Cm,C 1 m 1,$C_s^3$,6s,$\left ( \frac{a+b}{2}/b:(c/a)\right ) \cdot m$,-
9,monoclinic,m,Cc,C 1 c 1,$C_s^4$,2h,$\left ( \frac{a+b}{2}/b:(c/a)\right ) \cdot \tilde c$,-
10,monoclinic,2/m,P2/m,P 1 2/m 1,$C_{2h}^1$,7s,$(b:(c/a))\cdot m:2$,-
11,monoclinic,2/m,P21/m,P 1 21/m 1,$C_{2h}^2$,2a,$(b:(c/a))\cdot m:2_1$,-
12,monoclinic,2/m,C2/m,C 1 2/m 1,$C_{2h}^3$,8s,$\left ( \frac{a+b}{2}/b:(c/a)\right ) \cdot m:2$,-
13,monoclinic,2/m,P2/c,P 1 2/c 1,$C_{2h}^4$,3h,$(b:(c/a))\cdot \tilde c:2$,-
14,monoclinic,2/m,P21/c,P 1 21/c 1,$C_{2h}^5$,3a,$(b:(c/a))\cdot \tilde c:2_1$,-
15,monoclinic,2/m,C2/c,C 1 2/c 1,$C_{2h}^6$,4h,$\left ( \frac{a+b}{2}/b:(c/a)\right ) \cdot \tilde c:2$,-
16,orthorhombic,222,P222,P 2 2 2,$D_2^1$,9s,$(c:a:b):2:2$,-
17,orthorhombic,222,P2221,P 2 2 21,$D_2^2$,4a,$(c:a:b):2_1:2$,-
18,orthorhombic,222,P21212,P 21 21 2,$D_2^3$,7a,$(c:a:b):2 Circled colon.png 2_1$,-
19,orthorhombic,222,P212121,P 21 21 21,$D_2^4$,8a,$(c:a:b):2_1 Circled colon.png 2_1$,-
20,orthorhombic,222,C2221,C 2 2 21,$D_2^5$,5a,$\left ( \frac{a+b}{2}:c:a:b\right ) :2_1:2$,-
21,orthorhombic,222,C222,C 2 2 2,$D_2^6$,10s,$\left ( \frac{a+b}{2}:c:a:b\right ) :2:2$,-
22,orthorhombic,222,F222,F 2 2 2,$D_2^7$,12s,$\left ( \frac{a+c}{2}/\frac{b+c}{2}/\frac{a+b}{2}:c:a:b\right ) :2:2$,-
23,orthorhombic,222,I222,I 2 2 2,$D_2^8$,11s,$\left ( \frac{a+b+c}{2}/c:a:b\right ) :2:2$,-
24,orthorhombic,222,I212121,I 21 21 21,$D_2^9$,6a,$\left ( \frac{a+b+c}{2}/c:a:b \right ) :2:2_1$,-
25,orthorhombic,mm2,Pmm2,P m m 2,$C_{2v}^1$,13s,$(c:a:b):m \cdot 2$,-
26,orthorhombic,mm2,Pmc21,P m c 21,$C_{2v}^2$,9a,$(c:a:b): \tilde c \cdot 2_1$,-
27,orthorhombic,mm2,Pcc2,P c c 2,$C_{2v}^3$,5h,$(c:a:b): \tilde c \cdot 2$,-
28,orthorhombic,mm2,Pma2,P m a 2,$C_{2v}^4$,6h,$(c:a:b): \tilde a \cdot 2$,-
29,orthorhombic,mm2,Pca21,P c a 21,$C_{2v}^5$,11a,$(c:a:b): \tilde a \cdot 2_1$,-
30,orthorhombic,mm2,Pnc2,P n c 2,$C_{2v}^6$,7h,$(c:a:b): \tilde c \odot 2$,-
31,orthorhombic,mm2,Pmn21,P m n 21,$C_{2v}^7$,10a,$(c:a:b): \widetilde{ac} \cdot 2_1$,-
32,orthorhombic,mm2,Pba2,P b a 2,$C_{2v}^8$,9h,$(c:a:b): \tilde a \odot 2$,-
33,orthorhombic,mm2,Pna21,P n a 21,$C_{2v}^9$,12a,$(c:a:b): \tilde a \odot 2_1$,-
34,orthorhombic,mm2,Pnn2,P n n 2,$C_{2v}^{10}$,8h,$(c:a:b): \widetilde{ac} \odot 2$,-
35,orthorhombic,mm2,Cmm2,C m m 2,$C_{2v}^{11}$,14s,$\left ( \frac{a+b}{2}:c:a:b\right ) :m \cdot 2$,-
36,orthorhombic,mm2,Cmc21,C m c 21,$C_{2v}^{12}$,13a,$\left ( \frac{a+b}{2}:c:a:b\right ) :\tilde c \cdot 2_1$,-
37,orthorhombic,mm2,Ccc2,C c c 2,$C_{2v}^{13}$,10h,$\left ( \frac{a+b}{2}:c:a:b\right ) : \tilde c \cdot 2$,-
38,orthorhombic,mm2,Amm2,A m m 2,$C_{2v}^{14}$,15s,$\left ( \frac{b+c}{2}/c:a:b\right ):m \cdot 2$,-
39,orthorhombic,mm2,Aem2,A b m 2,$C_{2v}^{15}$,11h,$\left ( \frac{b+c}{2}/c:a:b\right ) :m \cdot 2_1$,-
40,orthorhombic,mm2,Ama2,A m a 2,$C_{2v}^{16}$,12h,$\left ( \frac{b+c}{2}/c:a:b\right ) : \tilde a \cdot 2$,-
41,orthorhombic,mm2,Aea2,A b a 2,$C_{2v}^{17}$,13h,$\left ( \frac{b+c}{2}/c:a:b\right ) : \tilde a \cdot 2_1$,-
42,orthorhombic,mm2,Fmm2,F m m 2,$C_{2v}^{18}$,17s,$\left ( \frac{a+c}{2}/\frac{b+c}{2}/\frac{a+b}{2}:c:a:b\right ) :m \cdot 2$,-
43,orthorhombic,mm2,Fdd2,F dd2,$C_{2v}^{19}$,16h,$\left ( \frac{a+c}{2}/\frac{b+c}{2}/\frac{a+b}{2}:c:a:b \right ) : \frac{1}{2} \widetilde{ac} \odot 2$,-
44,orthorhombic,mm2,Imm2,I m m 2,$C_{2v}^{20}$,16s,$\left ( \frac{a+b+c}{2}/c:a:b \right ) :m \cdot 2$,-
45,orthorhombic,mm2,Iba2,I b a 2,$C_{2v}^{21}$,15h,$\left ( \frac{a+b+c}{2}/c:a:b \right ) : \tilde c \cdot 2$,-
46,orthorhombic,mm2,Ima2,I m a 2,$C_{2v}^{22}$,14h,$\left ( \frac{a+b+c}{2}/c:a:b \right ) : \tilde a \cdot 2$,-
47,orthorhombic,$\frac{2}{m}\frac{2}{m}\frac{2}{m}$,Pmmm,P 2/m 2/m 2/m,$D_{2h}^1$,18s,$\left ( c:a:b \right ) \cdot m:2 \cdot m$,-
48,orthorhombic,$\frac{2}{m}\frac{2}{m}\frac{2}{m}$,Pnnn,P 2/n 2/n 2/n,$D_{2h}^2$,19h,$\left ( c:a:b \right ) \cdot \widetilde{ab}:2 \odot \widetilde{ac}$,-
49,orthorhombic,$\frac{2}{m}\frac{2}{m}\frac{2}{m}$,Pccm,P 2/c 2/c 2/m,$D_{2h}^3$,17h,$\left ( c:a:b \right ) \cdot m:2 \cdot \tilde c$,-
50,orthorhombic,$\frac{2}{m}\frac{2}{m}\frac{2}{m}$,Pban,P 2/b 2/a 2/n,$D_{2h}^4$,18h,$\left ( c:a:b \right ) \cdot \widetilde{ab}:2 \odot \tilde a$,-
51,orthorhombic,$\frac{2}{m}\frac{2}{m}\frac{2}{m}$,Pmma,P 21/m 2/m 2/a,$D_{2h}^5$,14a,$\left ( c:a:b \right ) \cdot \tilde a :2 \cdot m$,-
52,orthorhombic,$\frac{2}{m}\frac{2}{m}\frac{2}{m}$,Pnna,P 2/n 21/n 2/a,$D_{2h}^6$,17a,$\left ( c:a:b \right ) \cdot \tilde a:2 \odot \widetilde{ac}$,-
53,orthorhombic,$\frac{2}{m}\frac{2}{m}\frac{2}{m}$,Pmna,P 2/m 2/n 21/a,$D_{2h}^7$,15a,$\left ( c:a:b \right ) \cdot \tilde a:2_1 \cdot \widetilde{ac}$,-
54,orthorhombic,$\frac{2}{m}\frac{2}{m}\frac{2}{m}$,Pcca,P 21/c 2/c 2/a,$D_{2h}^8$,16a,$\left ( c:a:b \right ) \cdot \tilde a:2 \cdot \tilde c$,-
55,orthorhombic,$\frac{2}{m}\frac{2}{m}\frac{2}{m}$,Pbam,P 21/b 21/a 2/m,$D_{2h}^9$,22a,$\left ( c:a:b \right ) \cdot m:2 \odot \tilde a$,-
56,orthorhombic,$\frac{2}{m}\frac{2}{m}\frac{2}{m}$,Pccn,P 21/c 21/c 2/n,$D_{2h}^{10}$,27a,$\left ( c:a:b \right ) \cdot \widetilde{ab}:2 \cdot \tilde c$,-
57,orthorhombic,$\frac{2}{m}\frac{2}{m}\frac{2}{m}$,Pbcm,P 2/b 21/c 21/m,$D_{2h}^{11}$,23a,$\left ( c:a:b \right ) \cdot m:2_1 \odot \tilde c$,-
58,orthorhombic,$\frac{2}{m}\frac{2}{m}\frac{2}{m}$,Pnnm,P 21/n 21/n 2/m,$D_{2h}^{12}$,25a,$\left ( c:a:b \right ) \cdot m:2 \odot \widetilde{ac}$,-
59,orthorhombic,$\frac{2}{m}\frac{2}{m}\frac{2}{m}$,Pmmn,P 21/m 21/m 2/n,$D_{2h}^{13}$,24a,$\left ( c:a:b \right ) \cdot \widetilde{ab}:2 \cdot m$,-
60,orthorhombic,$\frac{2}{m}\frac{2}{m}\frac{2}{m}$,Pbcn,P 21/b 2/c 21/n,$D_{2h}^{14}$,26a,$\left ( c:a:b \right ) \cdot \widetilde{ab}:2_1 \odot \tilde c$,-
61,orthorhombic,$\frac{2}{m}\frac{2}{m}\frac{2}{m}$,Pbca,P 21/b 21/c 21/a,$D_{2h}^{15}$,29a,$\left ( c:a:b \right ) \cdot \tilde a:2_1 \odot \tilde c$,-
62,orthorhombic,$\frac{2}{m}\frac{2}{m}\frac{2}{m}$,Pnma,P 21/n 21/m 21/a,$D_{2h}^{16}$,28a,$\left ( c:a:b \right ) \cdot \tilde a:2_1 \odot m$,-
63,orthorhombic,$\frac{2}{m}\frac{2}{m}\frac{2}{m}$,Cmcm,C 2/m 2/c 21/m,$D_{2h}^{17}$,18a,$\left ( \frac{a+b}{2}:c:a:b\right ) \cdot m:2_1 \cdot \tilde c$,-
64,orthorhombic,$\frac{2}{m}\frac{2}{m}\frac{2}{m}$,Cmca,C 2/m 2/c 21/a,$D_{2h}^{18}$,19a,$\left ( \frac{a+b}{2}:c:a:b\right ) \cdot \tilde a :2_1 \cdot \tilde c$,-
65,orthorhombic,$\frac{2}{m}\frac{2}{m}\frac{2}{m}$,Cmmm,C 2/m 2/m 2/m,$D_{2h}^{19}$,19s,$\left ( \frac{a+b}{2}:c:a:b\right ) \cdot m:2 \cdot m$,-
66,orthorhombic,$\frac{2}{m}\frac{2}{m}\frac{2}{m}$,Cccm,C 2/c 2/c 2/m,$D_{2h}^{20}$,20h,$\left ( \frac{a+b}{2}:c:a:b\right ) \cdot m:2 \cdot \tilde c$,-
67,orthorhombic,$\frac{2}{m}\frac{2}{m}\frac{2}{m}$,Cmme,C 2/m 2/m 2/e,$D_{2h}^{21}$,21h,$\left ( \frac{a+b}{2}:c:a:b\right ) \cdot \tilde a :2 \cdot m$,-
68,orthorhombic,$\frac{2}{m}\frac{2}{m}\frac{2}{m}$,Ccce,C 2/c 2/c 2/e,$D_{2h}^{22}$,22h,$\left ( \frac{a+b}{2}:c:a:b\right ) \cdot \tilde a :2 \cdot \tilde c$,-
69,orthorhombic,$\frac{2}{m}\frac{2}{m}\frac{2}{m}$,Fmmm,F 2/m 2/m 2/m,$D_{2h}^{23}$,21s,$\left ( \frac{a+c}{2}/\frac{b+c}{2}/\frac{a+b}{2}:c:a:b\right ) \cdot m:2 \cdot m$,-
70,orthorhombic,$\frac{2}{m}\frac{2}{m}\frac{2}{m}$,Fddd,F 2/d 2/d 2/d,$D_{2h}^{24}$,24h,$\left ( \frac{a+c}{2}/\frac{b+c}{2}/\frac{a+b}{2}:c:a:b\right ) \cdot \frac{1}{2}\widetilde{ab}:2 \odot \frac{1}{2}\widetilde{ac}$,-
71,orthorhombic,$\frac{2}{m}\frac{2}{m}\frac{2}{m}$,Immm,I 2/m 2/m 2/m,$D_{2h}^{25}$,20s,$\left ( \frac{a+b+c}{2}/c:a:b\right ) \cdot m:2 \cdot m$,-
72,orthorhombic,$\frac{2}{m}\frac{2}{m}\frac{2}{m}$,Ibam,I 2/b 2/a 2/m,$D_{2h}^{26}$,23h,$\left ( \frac{a+b+c}{2}/c:a:b\right ) \cdot m:2 \cdot \tilde c$,-
73,orthorhombic,$\frac{2}{m}\frac{2}{m}\frac{2}{m}$,Ibca,I 2/b 2/c 2/a,$D_{2h}^{27}$,21a,$\left ( \frac{a+b+c}{2}/c:a:b\right ) \cdot \tilde a :2 \cdot \tilde c$,-
74,orthorhombic,$\frac{2}{m}\frac{2}{m}\frac{2}{m}$,Imma,I 2/m 2/m 2/a,$D_{2h}^{28}$,20a,$\left ( \frac{a+b+c}{2}/c:a:b\right ) \cdot \tilde a :2 \cdot m$,-
75,tetragonal,4,P4,P 4,$C_4^1$,22s,$(c:a:a):4$,-
76,tetragonal,4,P41,P 41,$C_4^2$,30a,$(c:a:a) :4_1$,-
77,tetragonal,4,P42,P 42,$C_4^3$,33a,$(c:a:a) :4_2$,-
78,tetragonal,4,P43,P 43,$C_4^4$,31a,$(c:a:a) :4_3$,-
79,tetragonal,4,I4,I 4,$C_4^5$,23s,$\left ( \frac{a+b+c}{2}/c:a:a\right ) :4$,-
80,tetragonal,4,I41,I 41,$C_4^6$,32a,$\left ( \frac{a+b+c}{2}/c:a:a\right ) :4_1$,-
81,tetragonal,4,P4,P 4,$S_4^1$,26s,$(c:a:a):\tilde 4$,-
82,tetragonal,4,I4,I 4,$S_4^2$,27s,$\left ( \frac{a+b+c}{2}/c:a:a\right ) :\tilde 4$,-
83,tetragonal,4/m,P4/m,P 4/m,$C_{4h}^1$,28s,$(c:a:a)\cdot m:4$,-
84,tetragonal,4/m,P42/m,P 42/m,$C_{4h}^2$,41a,$(c:a:a)\cdot m:4_2$,-
85,tetragonal,4/m,P4/n,P 4/n,$C_{4h}^3$,29h,$(c:a:a)\cdot \widetilde{ab}:4$,-
86,tetragonal,4/m,P42/n,P 42/n,$C_{4h}^4$,42a,$(c:a:a)\cdot \widetilde{ab}:4_2$,-
87,tetragonal,4/m,I4/m,I 4/m,$C_{4h}^5$,29s,$\left ( \frac{a+b+c}{2}/c:a:a\right ) \cdot m:4$,-
88,tetragonal,4/m,I41/a,I 41/a,$C_{4h}^6$,40a,$\left ( \frac{a+b+c}{2}/c:a:a\right ) \cdot \tilde a :4_1$,-
89,tetragonal,422,P422,P 4 2 2,$D_4^1$,30s,$(c:a:a):4:2$,-
90,tetragonal,422,P4212,P4212,$D_4^2$,43a,$(c:a:a):4 Circled colon.png 2_1$,-
91,tetragonal,422,P4122,P 41 2 2,$D_4^3$,44a,$(c:a:a):4_1:2$,-
92,tetragonal,422,P41212,P 41 21 2,$D_4^4$,48a,$(c:a:a):4_1 Circled colon.png 2_1$,-
93,tetragonal,422,P4222,P 42 2 2,$D_4^5$,47a,$(c:a:a):4_2:2$,-
94,tetragonal,422,P42212,P 42 21 2,$D_4^6$,50a,$(c:a:a):4_2 Circled colon.png 2_1$,-
95,tetragonal,422,P4322,P 43 2 2,$D_4^7$,45a,$(c:a:a):4_3:2$,-
96,tetragonal,422,P43212,P 43 21 2,$D_4^8$,49a,$(c:a:a):4_3 Circled colon.png 2_1$,-
97,tetragonal,422,I422,I 4 2 2,$D_4^9$,31s,$\left ( \frac{a+b+c}{2}/c:a:a\right ) :4:2$,-
98,tetragonal,422,I4122,I 41 2 2,$D_4^{10}$,46a,$\left ( \frac{a+b+c}{2}/c:a:a\right ) :4:2_1$,-
99,tetragonal,4mm,P4mm,P 4 m m,$C_{4v}^1$,24s,$(c:a:a):4\cdot m$,-
100,tetragonal,4mm,P4bm,P 4 b m,$C_{4v}^2$,26h,$(c:a:a):4\odot \tilde a$,-
101,tetragonal,4mm,P42cm,P 42 c m,$C_{4v}^3$,37a,$(c:a:a):4_2\cdot \tilde c$,-
102,tetragonal,4mm,P42nm,P 42 n m,$C_{4v}^4$,38a,$(c:a:a):4_2\odot \widetilde{ac}$,-
103,tetragonal,4mm,P4cc,P 4 c c,$C_{4v}^5$,25h,$(c:a:a):4\cdot \tilde c$,-
104,tetragonal,4mm,P4nc,P 4 n c,$C_{4v}^6$,27h,$(c:a:a):4\odot \widetilde{ac}$,-
105,tetragonal,4mm,P42mc,P 42 m c,$C_{4v}^7$,36a,$(c:a:a):4_2\cdot m$,-
106,tetragonal,4mm,P42bc,P 42 b c,$C_{4v}^8$,39a,$(c:a:a):4\odot \tilde a$,-
107,tetragonal,4mm,I4mm,I 4 m m,$C_{4v}^9$,25s,$\left ( \frac{a+b+c}{2}/c:a:a\right ) :4\cdot m$,-
108,tetragonal,4mm,I4cm,I 4 c m,$C_{4v}^{10}$,28h,$\left ( \frac{a+b+c}{2}/c:a:a\right ) :4\cdot \tilde c$,-
109,tetragonal,4mm,I41md,I 41 m d,$C_{4v}^{11}$,34a,$\left ( \frac{a+b+c}{2}/c:a:a\right ) :4_1\odot m$,-
110,tetragonal,4mm,I41cd,I 41 c d,$C_{4v}^{12}$,35a,$\left ( \frac{a+b+c}{2}/c:a:a\right ) :4_1\odot \tilde c$,-
111,tetragonal,42m,P42m,P 4 2 m,$D_{2d}^1$,32s,$(c:a:a):\tilde 4 :2$,-
112,tetragonal,42m,P42c,P 4 2 c,$D_{2d}^2$,30h,$(c:a:a):\tilde 4 Circled colon.png 2$,-
113,tetragonal,42m,P421m,P 4 21 m,$D_{2d}^3$,52a,$(c:a:a):\tilde 4 \cdot \widetilde{ab}$,-
114,tetragonal,42m,P421c,P 4 21 c,$D_{2d}^4$,53a,$(c:a:a):\tilde 4 \cdot \widetilde{abc}$,-
115,tetragonal,42m,P4m2,P 4 m 2,$D_{2d}^5$,33s,$(c:a:a):\tilde 4 \cdot m$,-
116,tetragonal,42m,P4c2,P 4 c 2,$D_{2d}^6$,31h,$(c:a:a):\tilde 4 \cdot \tilde c$,-
117,tetragonal,42m,P4b2,P 4 b 2,$D_{2d}^7$,32h,$(c:a:a):\tilde 4 \odot \tilde a$,-
118,tetragonal,42m,P4n2,P 4 n 2,$D_{2d}^8$,33h,$(c:a:a):\tilde 4 \cdot \widetilde{ac}$,-
119,tetragonal,42m,I4m2,I 4 m 2,$D_{2d}^9$,35s,$\left ( \frac{a+b+c}{2}/c:a:a\right ) :\tilde 4 \cdot m$,-
120,tetragonal,42m,I4c2,I 4 c 2,$D_{2d}^{10}$,34h,$\left ( \frac{a+b+c}{2}/c:a:a\right ) :\tilde 4 \cdot \tilde c$,-
121,tetragonal,42m,I42m,I 4 2 m,$D_{2d}^{11}$,34s,$\left ( \frac{a+b+c}{2}/c:a:a\right ) :\tilde 4 :2$,-
122,tetragonal,42m,I42d,I 4 2 d,$D_{2d}^{12}$,51a,$\left ( \frac{a+b+c}{2}/c:a:a\right ) :\tilde 4 \odot \frac{1}{2}\widetilde{abc}$,-
123,tetragonal,4/m 2/m 2/m,P4/mmm,P 4/m 2/m 2/m,$D_{4h}^1$,36s,$(c:a:a)\cdot m:4\cdot m$,-
124,tetragonal,4/m 2/m 2/m,P4/mcc,P 4/m 2/c 2/c,$D_{4h}^2$,35h,$(c:a:a)\cdot m:4\cdot \tilde c$,-
125,tetragonal,4/m 2/m 2/m,P4/nbm,P 4/n 2/b 2/m,$D_{4h}^3$,36h,$(c:a:a)\cdot \widetilde{ab}:4\odot \tilde a$,-
126,tetragonal,4/m 2/m 2/m,P4/nnc,P 4/n 2/n 2/c,$D_{4h}^4$,37h,$(c:a:a)\cdot \widetilde{ab}:4\odot \widetilde{ac}$,-
127,tetragonal,4/m 2/m 2/m,P4/mbm,P 4/m 21/b 2/m,$D_{4h}^5$,54a,$(c:a:a)\cdot m:4\odot \tilde a$,-
128,tetragonal,4/m 2/m 2/m,P4/mnc,P 4/m 21/n 2/c,$D_{4h}^6$,56a,$(c:a:a)\cdot m:4\odot \widetilde{ac}$,-
129,tetragonal,4/m 2/m 2/m,P4/nmm,P 4/n 21/m 2/m,$D_{4h}^7$,55a,$(c:a:a)\cdot \widetilde{ab}:4\cdot m$,-
130,tetragonal,4/m 2/m 2/m,P4/ncc,P 4/n 21/c 2/c,$D_{4h}^8$,57a,$(c:a:a)\cdot \widetilde{ab}:4\cdot \tilde c$,-
131,tetragonal,4/m 2/m 2/m,P42/mmc,P 42/m 2/m 2/c,$D_{4h}^9$,60a,$(c:a:a)\cdot m:4_2\cdot m$,-
132,tetragonal,4/m 2/m 2/m,P42/mcm,P 42/m 2/c 2/m,$D_{4h}^{10}$,61a,$(c:a:a)\cdot m:4_2\cdot \tilde c$,-
133,tetragonal,4/m 2/m 2/m,P42/nbc,P 42/n 2/b 2/c,$D_{4h}^{11}$,63a,$(c:a:a)\cdot \widetilde{ab}:4_2\odot \tilde a$,-
134,tetragonal,4/m 2/m 2/m,P42/nnm,P 42/n 2/n 2/m,$D_{4h}^{12}$,62a,$(c:a:a)\cdot \widetilde{ab}:4_2\odot \widetilde{ac}$,-
135,tetragonal,4/m 2/m 2/m,P42/mbc,P 42/m 21/b 2/c,$D_{4h}^{13}$,66a,$(c:a:a)\cdot m:4_2\odot \tilde a$,-
136,tetragonal,4/m 2/m 2/m,P42/mnm,P 42/m 21/n 2/m,$D_{4h}^{14}$,65a,$(c:a:a)\cdot m:4_2\odot \widetilde{ac}$,-
137,tetragonal,4/m 2/m 2/m,P42/nmc,P 42/n 21/m 2/c,$D_{4h}^{15}$,67a,$(c:a:a)\cdot \widetilde{ab}:4_2\cdot m$,-
138,tetragonal,4/m 2/m 2/m,P42/ncm,P 42/n 21/c 2/m,$D_{4h}^{16}$,65a,$(c:a:a)\cdot \widetilde{ab}:4_2\cdot \tilde c$,-
139,tetragonal,4/m 2/m 2/m,I4/mmm,I 4/m 2/m 2/m,$D_{4h}^{17}$,37s,$\left ( \frac{a+b+c}{2}/c:a:a\right ) \cdot m:4\cdot m$,-
140,tetragonal,4/m 2/m 2/m,I4/mcm,I 4/m 2/c 2/m,$D_{4h}^{18}$,38h,$\left ( \frac{a+b+c}{2}/c:a:a\right ) \cdot m:4\cdot \tilde c$,-
141,tetragonal,4/m 2/m 2/m,I41/amd,I 41/a 2/m 2/d,$D_{4h}^{19}$,59a,$\left ( \frac{a+b+c}{2}/c:a:a\right ) \cdot \tilde a :4_1\odot m$,-
142,tetragonal,4/m 2/m 2/m,I41/acd,I 41/a 2/c 2/d,$D_{4h}^{20}$,58a,$\left ( \frac{a+b+c}{2}/c:a:a\right ) \cdot \tilde a :4_1\odot \tilde c$,-
143,trigonal,3,P3,P 3,$C_3^1$,38s,$(c:(a/a)):3$,-
144,trigonal,3,P31,P 31,$C_3^2$,68a,$(c:(a/a)):3_1$,-
145,trigonal,3,P32,P 32,$C_3^3$,69a,$(c:(a/a)):3_2$,-
146,trigonal,3,R3,R 3,$C_3^4$,39s,$(a/a/a)/3$,-
147,trigonal,3,P3,P 3,$C_{3i}^1$,51s,$(c:(a/a)):\tilde 6$,-
148,trigonal,3,R3,R 3,$C_{3i}^2$,52s,$(a/a/a)/\tilde 6$,-
149,trigonal,32,P312,P 3 1 2,$D_3^1$,45s,$(c:(a/a)):2:3$,-
150,trigonal,32,P321,P 3 2 1,$D_3^2$,44s,$(c:(a/a))\cdot 2:3$,-
151,trigonal,32,P3112,P 31 1 2,$D_3^3$,72a,$(c:(a/a)):2:3_1$,-
152,trigonal,32,P3121,P 31 2 1,$D_3^4$,70a,$(c:(a/a))\cdot 2:3_1$,-
153,trigonal,32,P3212,P 32 1 2,$D_3^5$,73a,$(c:(a/a)):2:3_2$,-
154,trigonal,32,P3221,P 32 2 1,$D_3^6$,71a,$(c:(a/a))\cdot 2:3_2$,-
155,trigonal,32,R32,R 3 2,$D_3^7$,46s,$(a/a/a)/3:2$,-
156,trigonal,3m,P3m1,P 3 m 1,$C_{3v}^1$,40s,$(c:(a/a)):m\cdot 3$,-
157,trigonal,3m,P31m,P 3 1 m,$C_{3v}^2$,41s,$(c:(a/a))\cdot m\cdot 3$,-
158,trigonal,3m,P3c1,P 3 c 1,$C_{3v}^3$,39h,$(c:(a/a)):\tilde c:3$,-
159,trigonal,3m,P31c,P 3 1 c,$C_{3v}^4$,40h,$(c:(a/a))\cdot\tilde c :3$,-
160,trigonal,3m,R3m,R 3 m,$C_{3v}^5$,42s,$(a/a/a)/3\cdot m$,-
161,trigonal,3m,R3c,R 3 c,$C_{3v}^6$,41h,$(a/a/a)/3\cdot\tilde c$,-
162,trigonal,3 2/m,P31m,P 3 1 2/m,$D_{3d}^1$,56s,$(c:(a/a))\cdot m\cdot\tilde 6$,-
163,trigonal,3 2/m,P31c,P 3 1 2/c,$D_{3d}^2$,46h,$(c:(a/a))\cdot\tilde c \cdot\tilde 6$,-
164,trigonal,3 2/m,P3m1,P 3 2/m 1,$D_{3d}^3$,55s,$(c:(a/a)):m\cdot\tilde 6$,-
165,trigonal,3 2/m,P3c1,P 3 2/c 1,$D_{3d}^4$,45h,$(c:(a/a)):\tilde c \cdot\tilde 6$,-
166,trigonal,3 2/m,R3m,R 3 2/m,$D_{3d}^5$,57s,$(a/a/a)/\tilde 6 \cdot m$,-
167,trigonal,3 2/m,R3c,R 3 2/c,$D_{3d}^6$,47h,$(a/a/a)/\tilde 6 \cdot\tilde c$,-
168,hexagonal,6,P6,P 6,$C_6^1$,49s,$(c:(a/a)):6$,-
169,hexagonal,6,P61,P 61,$C_6^2$,74a,$(c:(a/a)):6_1$,-
170,hexagonal,6,P65,P 65,$C_6^3$,75a,$(c:(a/a)):6_5$,-
171,hexagonal,6,P62,P 62,$C_6^4$,76a,$(c:(a/a)):6_2$,-
172,hexagonal,6,P64,P 64,$C_6^5$,77a,$(c:(a/a)):6_4$,-
173,hexagonal,6,P63,P 63,$C_6^6$,78a,$(c:(a/a)):6_3$,-
174,hexagonal,6,P6,P 6,$C_{3h}^1$,43s,$(c:(a/a)):3:m$,-
175,hexagonal,6/m,P6/m,P 6/m,$C_{6h}^1$,53s,$(c:(a/a))\cdot m :6$,-
176,hexagonal,6/m,P63/m,P 63/m,$C_{6h}^2$,81a,$(c:(a/a))\cdot m :6_3$,-
177,hexagonal,622,P622,P 6 2 2,$D_6^1$,54s,$(c:(a/a))\cdot 2 :6$,-
178,hexagonal,622,P6122,P 61 2 2,$D_6^2$,82a,$(c:(a/a))\cdot 2 :6_1$,-
179,hexagonal,622,P6522,P 65 2 2,$D_6^3$,83a,$(c:(a/a))\cdot 2 :6_5$,-
180,hexagonal,622,P6222,P 62 2 2,$D_6^4$,84a,$(c:(a/a))\cdot 2 :6_2$,-
181,hexagonal,622,P6422,P 64 2 2,$D_6^5$,85a,$(c:(a/a))\cdot 2 :6_4$,-
182,hexagonal,622,P6322,P 63 2 2,$D_6^6$,86a,$(c:(a/a))\cdot 2 :6_3$,-
183,hexagonal,6mm,P6mm,P 6 m m,$C_{6v}^1$,50s,$(c:(a/a)):m\cdot 6$,-
184,hexagonal,6mm,P6cc,P 6 c c,$C_{6v}^2$,44h,$(c:(a/a)):\tilde c \cdot 6$,-
185,hexagonal,6mm,P63cm,P 63 c m,$C_{6v}^3$,80a,$(c:(a/a)):\tilde c \cdot 6_3$,-
186,hexagonal,6mm,P63mc,P 63 m c,$C_{6v}^4$,79a,$(c:(a/a)):m\cdot 6_3$,-
187,hexagonal,6m2,P6m2,P 6 m 2,$D_{3h}^1$,48s,$(c:(a/a)):m\cdot 3:m$,-
188,hexagonal,6m2,P6c2,P 6 c 2,$D_{3h}^2$,43h,$(c:(a/a)):\tilde c \cdot 3:m$,-
189,hexagonal,6m2,P62m,P 6 2 m,$D_{3h}^3$,47s,$(c:(a/a))\cdot m:3\cdot m$,-
190,hexagonal,6m2,P62c,P 6 2 c,$D_{3h}^4$,42h,$(c:(a/a))\cdot m:3\cdot \tilde c$,-
191,hexagonal,6/m 2/m 2/m,P6/mmm,P 6/m 2/m 2/m,$D_{6h}^1$,58s,$(c:(a/a))\cdot m:6\cdot m$,-
192,hexagonal,6/m 2/m 2/m,P6/mcc,P 6/m 2/c 2/c,$D_{6h}^2$,48h,$(c:(a/a))\cdot m:6\cdot\tilde c$,-
193,hexagonal,6/m 2/m 2/m,P63/mcm,P 63/m 2/c 2/m,$D_{6h}^3$,87a,$(c:(a/a))\cdot m:6_3\cdot\tilde c$,-
194,hexagonal,6/m 2/m 2/m,P63/mmc,P 63/m 2/m 2/c,$D_{6h}^4$,88a,$(c:(a/a))\cdot m:6_3\cdot m$,-
195,cubic,23,P23,P 2 3,$T^1$,59s,$\left ( a:a:a\right ) :2/3$,$2^o$
196,cubic,23,F23,F 2 3,$T^2$,61s,$\left ( \frac{a+c}{2}/\frac{b+c}{2}/\frac{a+b}{2}:a:a:a\right ) :2/3$,$1^o$
197,cubic,23,I23,I 2 3,$T^3$,60s,$\left ( \frac{a+b+c}{2}/a:a:a\right ) :2/3$,$4^{oo}$
198,cubic,23,P213,P 21 3,$T^4$,89a,$\left ( a:a:a\right ) :2_1/3$,$1^o/4$
199,cubic,23,I213,I 21 3,$T^5$,90a,$\left ( \frac{a+b+c}{2}/a:a:a\right ) :2_1/3$,$2^o/4$
200,cubic,2/m 3,Pm3,P 2/m 3,$T_h^1$,62s,$\left ( a:a:a\right ) \cdot m/ \tilde 6$,$4^-$
201,cubic,2/m 3,Pn3,P 2/n 3,$T_h^2$,49h,$\left ( a:a:a\right ) \cdot \widetilde{ab} / \tilde 6$,$4^{+o}$
202,cubic,2/m 3,Fm3,F 2/m 3,$T_h^3$,64s,$\left ( \frac{a+c}{2}/\frac{b+c}{2}/\frac{a+b}{2}:a:a:a\right ) \cdot m/ \tilde 6$,$2^-$
203,cubic,2/m 3,Fd3,F 2/d 3,$T_h^4$,50h,$\left ( \frac{a+c}{2}/\frac{b+c}{2}/\frac{a+b}{2}:a:a:a\right ) \cdot \frac{1}{2}\widetilde{ab} / \tilde 6$,$2^{+o}$
204,cubic,2/m 3,Im3,I 2/m 3,$T_h^5$,63s,$\left ( \frac{a+b+c}{2}/a:a:a\right ) \cdot m/\tilde 6$,$8^-$
205,cubic,2/m 3,Pa3,P 21/a 3,$T_h^6$,91a,$\left ( a:a:a\right ) \cdot \tilde a /\tilde 6$,$2^{+}/4$
206,cubic,2/m 3,Ia3,I 21/a 3,$T_h^7$,92a,$\left ( \frac{a+b+c}{2}/a:a:a\right ) \cdot \tilde a /\tilde 6$,$4^{-}/4$
207,cubic,432,P432,P 4 3 2,$O^1$,68s,$\left ( a:a:a\right ) :4/3$,$4^{o}$
208,cubic,432,P4232,P 42 3 2,$O^2$,98a,$\left ( a:a:a\right ) :4_2//3$,$4^{+}$
209,cubic,432,F432,F 4 3 2,$O^3$,70s,$\left ( \frac{a+c}{2}/\frac{b+c}{2}/\frac{a+b}{2}:a:a:a\right ) :4/3$,$2^{o}$
210,cubic,432,F4132,F 41 3 2,$O^4$,97a,$\left ( \frac{a+c}{2}/\frac{b+c}{2}/\frac{a+b}{2}:a:a:a\right ) :4_1//3$,$2^{+}$
211,cubic,432,I432,I 4 3 2,$O^5$,69s,$\left ( \frac{a+b+c}{2}/a:a:a\right ) :4/3$,$8^{+o}$
212,cubic,432,P4332,P 43 3 2,$O^6$,94a,$\left ( a:a:a\right ) :4_3//3$,$2^{+}/4$
213,cubic,432,P4132,P 41 3 2,$O^7$,95a,$\left ( a:a:a\right ) :4_1//3$,$2^{+}/4$
214,cubic,432,I4132,I 41 3 2,$O^8$,96a,$\left ( \frac{a+b+c}{2}/:a:a:a\right ) :4_1//3$,$4^{+}/4$
215,cubic,43m,P43m,P 4 3 m,$T_d^1$,65s,$\left ( a:a:a\right ) :\tilde 4 /3$,$2^{o}:2$
216,cubic,43m,F43m,F 4 3 m,$T_d^2$,67s,$\left ( \frac{a+c}{2}/\frac{b+c}{2}/\frac{a+b}{2}:a:a:a\right ) :\tilde 4 /3$,$1^{o}:2$
217,cubic,43m,I43m,I 4 3 m,$T_d^3$,66s,$\left ( \frac{a+b+c}{2}/a:a:a\right ) :\tilde 4 /3$,$4^{o}:2$
218,cubic,43m,P43n,P 4 3 n,$T_d^4$,51h,$\left ( a:a:a\right ) :\tilde 4 //3$,$4^{o}$
219,cubic,43m,F43c,F 4 3 c,$T_d^5$,52h,$\left ( \frac{a+c}{2}/\frac{b+c}{2}/\frac{a+b}{2}:a:a:a\right ) :\tilde 4 //3$,$2^{oo}$
220,cubic,43m,I43d,I 4 3 d,$T_d^6$,93a,$\left ( \frac{a+b+c}{2}/a:a:a\right ) :\tilde 4 //3$,$4^{o}/4$
221,cubic,4/m 3 2/m,Pm3m,P 4/m 3 2/m,$O_h^1$,71s,$\left ( a:a:a\right ) :4/\tilde 6 \cdot m$,$4^{-}:2$
222,cubic,4/m 3 2/m,Pn3n,P 4/n 3 2/n,$O_h^2$,53h,$\left ( a:a:a\right ) :4/\tilde 6 \cdot \widetilde{abc}$,$8^{oo}$
223,cubic,4/m 3 2/m,Pm3n,P 42/m 3 2/n,$O_h^3$,102a,$\left ( a:a:a\right ) :4_2//\tilde 6 \cdot \widetilde{abc}$,$8^{o}$
224,cubic,4/m 3 2/m,Pn3m,P 42/n 3 2/m,$O_h^4$,103a,$\left ( a:a:a\right ) :4_2//\tilde 6 \cdot m$,$4^{+}:2$
225,cubic,4/m 3 2/m,Fm3m,F 4/m 3 2/m,$O_h^5$,73s,$\left ( \frac{a+c}{2}/\frac{b+c}{2}/\frac{a+b}{2}:a:a:a\right ) :4/\tilde 6 \cdot m$,$2^{-}:2$
226,cubic,4/m 3 2/m,Fm3c,F 4/m 3 2/c,$O_h^6$,54h,$\left ( \frac{a+c}{2}/\frac{b+c}{2}/\frac{a+b}{2}:a:a:a\right ) :4/\tilde 6 \cdot \tilde c$,$4^{--}$
227,cubic,4/m 3 2/m,Fd3m,F 41/d 3 2/m,$O_h^7$,100a,$\left ( \frac{a+c}{2}/\frac{b+c}{2}/\frac{a+b}{2}:a:a:a\right ) :4_1//\tilde 6 \cdot m$,$2^{+}:2$
228,cubic,4/m 3 2/m,Fd3c,F 41/d 3 2/c,$O_h^8$,101a,$\left ( \frac{a+c}{2}/\frac{b+c}{2}/\frac{a+b}{2}:a:a:a\right ) :4_1//\tilde 6 \cdot \tilde c$,$4^{++}$
229,cubic,4/m 3 2/m,Im3m,I 4/m 3 2/m,$O_h^9$,72s,$\left ( \frac{a+b+c}{2}/a:a:a\right ) :4/\tilde 6 \cdot m$,$8^{o}:2$
230,cubic,4/m 3 2/m,Ia3d,I 41/a 3 2/d,$O_h^{10}$,99a,$\left ( \frac{a+b+c}{2}/a:a:a\right ) :4_1//\tilde 6 \cdot \frac{1}{2}\widetilde{abc}$,$8^{o}/4$